labels,Accuracy,Misclassification,Precision,Sensitivity,F1 score,Specificity
homicide_murder,0.967032967,0.032967033,0.857142857,0.923076923,0.888888889,0.974358974
life_imprisonment,1,0,1,1,1,1
riot,0.967032967,0.032967033,0.857142857,0.923076923,0.888888889,0.974358974
physical_assault,0.956043956,0.043956044,1,0.692307692,0.818181818,1
evidence_inconsistency,0.956043956,0.043956044,1,0.692307692,0.818181818,1
witness_testimony,0.956043956,0.043956044,0.846153846,0.846153846,0.846153846,0.974358974
expert_witness_testimony,0.945054945,0.054945055,1,0.615384615,0.761904762,1
