labels,Accuracy,Misclassification,Precision,Sensitivity,F score,Specificity
homicide_murder,0.967032967,0.032967033,0.857142857,0.923076923,0.888888889,0.974358974
life_imprisonment,1,0,1,1,1,1
riot,0.967032967,0.032967033,0.857142857,0.923076923,0.888888889,0.974358974
physical_assault,0.956043956,0.043956044,1,0.692307692,0.818181818,1
evidence_inconsistency,0.956043956,0.043956044,1,0.692307692,0.818181818,1
witness_testimony,0.956043956,0.043956044,0.846153846,0.846153846,0.846153846,0.974358974
expert_witness_testimony,0.934065934,0.065934066,1,0.538461538,0.7,1
